{
    "MASTER_VOLUME": 0.712559700012207,
    "MUSIC_VOLUME": 0.3973675072193146,
    "SFX_VOLUME": 0.2910536527633667
}
