{
    "MASTER_VOLUME": 0.7279474139213562,
    "MUSIC_VOLUME": 0.6027083992958069,
    "SFX_VOLUME": 0.8802723288536072
}
